med_group,concept_id
ICS,904331
ICS,904332
ICS,904333
ICS,904385
ICS,904392
ICS,904395
ICS,904427
ICS,904436
ICS,904509
ICS,920796
ICS,920798
ICS,920800
ICS,920823
ICS,920824
ICS,920825
ICS,920826
ICS,920831
ICS,920868
ICS,920869
ICS,920870
ICS,920871
ICS,920915
ICS,1115673
ICS,1592208
ICS,1592698
ICS,1592700
ICS,1593607
ICS,1594236
ICS,1594238
ICS,1594365
ICS,1594369
ICS,1594384
ICS,1594386
ICS,1594388
ICS,1594414
ICS,1594496
ICS,19016533
ICS,19021121
ICS,19023533
ICS,19031961
ICS,19032638
ICS,19038814
ICS,19045921
ICS,19047753
ICS,19052715
ICS,19053595
ICS,19056328
ICS,19056330
ICS,19056414
ICS,19056451
ICS,19058164
ICS,19060779
ICS,19062339
ICS,19062371
ICS,19062372
ICS,19062373
ICS,19064076
ICS,19072647
ICS,19072837
ICS,19072839
ICS,19080745
ICS,19082356
ICS,19084748
ICS,19084825
ICS,19089689
ICS,19091880
ICS,19093625
ICS,19093724
ICS,19095979
ICS,19097852
ICS,19108591
ICS,19108592
ICS,19108994
ICS,19109114
ICS,19109785
ICS,19109794
ICS,19114213
ICS,19115554
ICS,19115555
ICS,19115591
ICS,19115592
ICS,19115593
ICS,19115594
ICS,19116153
ICS,19117741
ICS,19118641
ICS,19120343
ICS,19120353
ICS,19121384
ICS,19122653
ICS,19124041
ICS,21023076
ICS,21030801
ICS,21040512
ICS,21040513
ICS,21040671
ICS,21060272
ICS,21065310
ICS,21070229
ICS,21070231
ICS,21070602
ICS,21079940
ICS,21084958
ICS,21089658
ICS,21099553
ICS,21114406
ICS,21114410
ICS,21119098
ICS,21119101
ICS,21123774
ICS,21128885
ICS,21129284
ICS,21138781
ICS,21139131
ICS,21148476
ICS,21148634
ICS,21153491
ICS,21168211
ICS,35410365
ICS,35602969
ICS,35602973
ICS,35604712
ICS,35604770
ICS,35604773
ICS,35604854
ICS,35604856
ICS,35605361
ICS,35762013
ICS,36212006
ICS,36212007
ICS,36212125
ICS,36212126
ICS,36212132
ICS,36212133
ICS,36212134
ICS,36212136
ICS,36212139
ICS,36212140
ICS,36212141
ICS,36212142
ICS,36212148
ICS,36212149
ICS,36212150
ICS,36212151
ICS,36212153
ICS,36212154
ICS,36212155
ICS,36212157
ICS,36217837
ICS,36217838
ICS,36218845
ICS,36220933
ICS,36220934
ICS,36222080
ICS,36222419
ICS,36222420
ICS,36222421
ICS,36222422
ICS,36222423
ICS,36222429
ICS,36222452
ICS,36223168
ICS,36223169
ICS,36223170
ICS,36223172
ICS,36223383
ICS,36225304
ICS,36229130
ICS,36229136
ICS,36229567
ICS,36230201
ICS,36230210
ICS,36231066
ICS,36231067
ICS,36231211
ICS,36231213
ICS,36231547
ICS,36231646
ICS,36231647
ICS,36232123
ICS,36232779
ICS,36233621
ICS,36233622
ICS,36233624
ICS,36233795
ICS,36233799
ICS,36234103
ICS,36234399
ICS,36234400
ICS,36234401
ICS,36234403
ICS,36234404
ICS,36234405
ICS,36234674
ICS,36234745
ICS,36234834
ICS,36234835
ICS,36235057
ICS,36235058
ICS,36235971
ICS,36236664
ICS,36236665
ICS,36236666
ICS,36236667
ICS,36236778
ICS,36236788
ICS,36236789
ICS,36236790
ICS,36237599
ICS,36238499
ICS,36238663
ICS,36239207
ICS,36239324
ICS,36239689
ICS,36240216
ICS,36240251
ICS,36240559
ICS,36241140
ICS,36241141
ICS,36241513
ICS,36241515
ICS,36241599
ICS,36242077
ICS,36242078
ICS,36242079
ICS,36242774
ICS,36243387
ICS,36243934
ICS,36243960
ICS,36244614
ICS,36245178
ICS,36245778
ICS,36246491
ICS,36246492
ICS,36246609
ICS,36246610
ICS,36248251
ICS,36248464
ICS,36249727
ICS,36249728
ICS,36879660
ICS,36879661
ICS,36879794
ICS,36880771
ICS,36880772
ICS,36881607
ICS,36881620
ICS,36881738
ICS,36881746
ICS,36882535
ICS,36882678
ICS,36883542
ICS,36883620
ICS,36884459
ICS,36884571
ICS,36886395
ICS,36886519
ICS,36888309
ICS,36888333
ICS,36888335
ICS,36888460
ICS,36889316
ICS,36890326
ICS,36890487
ICS,36891325
ICS,36891442
ICS,36892309
ICS,36892310
ICS,36892347
ICS,36892441
ICS,36893300
ICS,36893432
ICS,36894275
ICS,36894387
ICS,40163407
ICS,40167909
ICS,40170920
ICS,40171018
ICS,40171024
ICS,40171049
ICS,40173732
ICS,40173733
ICS,40173738
ICS,40173740
ICS,40221061
ICS,40221064
ICS,40227678
ICS,40227679
ICS,40227680
ICS,40227681
ICS,40227682
ICS,40228089
ICS,40233974
ICS,40233975
ICS,40233983
ICS,40233984
ICS,40233988
ICS,40233991
ICS,40233992
ICS,40234004
ICS,40234005
ICS,40234006
ICS,40234007
ICS,40234008
ICS,40234009
ICS,40234021
ICS,40234022
ICS,40234023
ICS,40234024
ICS,40234025
ICS,40234026
ICS,40234027
ICS,40234028
ICS,40234029
ICS,40234032
ICS,40234033
ICS,40234036
ICS,40234037
ICS,40234061
ICS,40234062
ICS,40234063
ICS,40234064
ICS,40234065
ICS,40234066
ICS,40234067
ICS,40234068
ICS,40234069
ICS,40234070
ICS,40234071
ICS,40234072
ICS,40234073
ICS,40234074
ICS,40234075
ICS,40234076
ICS,40234077
ICS,40234078
ICS,40234079
ICS,40234080
ICS,40234081
ICS,40234082
ICS,40234083
ICS,40234090
ICS,40234091
ICS,40234092
ICS,40234093
ICS,40234094
ICS,40234716
ICS,40234720
ICS,40234721
ICS,40234722
ICS,40234723
ICS,40234724
ICS,40234725
ICS,40234726
ICS,40234737
ICS,40234739
ICS,40234740
ICS,40234741
ICS,40234742
ICS,40234743
ICS,40234744
ICS,40234745
ICS,40234790
ICS,40234792
ICS,40234794
ICS,40234796
ICS,40234799
ICS,40234800
ICS,40234810
ICS,40234811
ICS,40234812
ICS,40234813
ICS,40234814
ICS,40234815
ICS,40234816
ICS,40234817
ICS,40234818
ICS,40234821
ICS,40234822
ICS,40234825
ICS,40239009
ICS,40239014
ICS,40239015
ICS,40239016
ICS,40239443
ICS,40239444
ICS,40821987
ICS,40822274
ICS,40824176
ICS,40825108
ICS,40826101
ICS,40826102
ICS,40827417
ICS,40827418
ICS,40827437
ICS,40827438
ICS,40827439
ICS,40827710
ICS,40827712
ICS,40829907
ICS,40829908
ICS,40829910
ICS,40829912
ICS,40829914
ICS,40829959
ICS,40829964
ICS,40830080
ICS,40857397
ICS,40858662
ICS,40858664
ICS,40858682
ICS,40858986
ICS,40858988
ICS,40859200
ICS,40859201
ICS,40859636
ICS,40859894
ICS,40860215
ICS,40861078
ICS,40861079
ICS,40861080
ICS,40861081
ICS,40861083
ICS,40861084
ICS,40861085
ICS,40861115
ICS,40861116
ICS,40861119
ICS,40861120
ICS,40861121
ICS,40861123
ICS,40889949
ICS,40889974
ICS,40889975
ICS,40890299
ICS,40890301
ICS,40890302
ICS,40890303
ICS,40890957
ICS,40891135
ICS,40891443
ICS,40892322
ICS,40892354
ICS,40892355
ICS,40892356
ICS,40920952
ICS,40920977
ICS,40920980
ICS,40921262
ICS,40921946
ICS,40923366
ICS,40923371
ICS,40923407
ICS,40923408
ICS,40952095
ICS,40952434
ICS,40953061
ICS,40953062
ICS,40953323
ICS,40953645
ICS,40954602
ICS,40954603
ICS,40954606
ICS,40954607
ICS,40954608
ICS,40954610
ICS,40954611
ICS,40954612
ICS,40954614
ICS,40954638
ICS,40954639
ICS,40954643
ICS,40954645
ICS,40981958
ICS,40981959
ICS,40983274
ICS,40983794
ICS,40984816
ICS,40985730
ICS,40985731
ICS,40985732
ICS,40985733
ICS,40985735
ICS,40985772
ICS,40985777
ICS,40985778
ICS,41013254
ICS,41014533
ICS,41015450
ICS,41015491
ICS,41015662
ICS,41016364
ICS,41016828
ICS,41016829
ICS,41016830
ICS,41016832
ICS,41016835
ICS,41016838
ICS,41016839
ICS,41016878
ICS,41016880
ICS,41045692
ICS,41045709
ICS,41045988
ICS,41045989
ICS,41045990
ICS,41046598
ICS,41047221
ICS,41048137
ICS,41048138
ICS,41048140
ICS,41048142
ICS,41048143
ICS,41048145
ICS,41048146
ICS,41048147
ICS,41048148
ICS,41048149
ICS,41048151
ICS,41048193
ICS,41048195
ICS,41075742
ICS,41077085
ICS,41077392
ICS,41079519
ICS,41079520
ICS,41079521
ICS,41079557
ICS,41079558
ICS,41079560
ICS,41079562
ICS,41079668
ICS,41079670
ICS,41107191
ICS,41107193
ICS,41107194
ICS,41108464
ICS,41108465
ICS,41108482
ICS,41108483
ICS,41108484
ICS,41108485
ICS,41108808
ICS,41109258
ICS,41109531
ICS,41109688
ICS,41109689
ICS,41109991
ICS,41110448
ICS,41110881
ICS,41110882
ICS,41110883
ICS,41110889
ICS,41110890
ICS,41110892
ICS,41110927
ICS,41110928
ICS,41110930
ICS,41138637
ICS,41138638
ICS,41139836
ICS,41140142
ICS,41140143
ICS,41141043
ICS,41141358
ICS,41141359
ICS,41142336
ICS,41142337
ICS,41142338
ICS,41142340
ICS,41142341
ICS,41142345
ICS,41142346
ICS,41142347
ICS,41142348
ICS,41142349
ICS,41142381
ICS,41142382
ICS,41142384
ICS,41142385
ICS,41142387
ICS,41169743
ICS,41169744
ICS,41171316
ICS,41171317
ICS,41171318
ICS,41171319
ICS,41172154
ICS,41172155
ICS,41172469
ICS,41173385
ICS,41173386
ICS,41173387
ICS,41173388
ICS,41173389
ICS,41173390
ICS,41173392
ICS,41173426
ICS,41173427
ICS,41201158
ICS,41202459
ICS,41203632
ICS,41203976
ICS,41204863
ICS,41204914
ICS,41204916
ICS,41204919
ICS,41204920
ICS,41204921
ICS,41204922
ICS,41204959
ICS,41204966
ICS,41233451
ICS,41233475
ICS,41233785
ICS,41234235
ICS,41234381
ICS,41234967
ICS,41235366
ICS,41235384
ICS,41235843
ICS,41235844
ICS,41235845
ICS,41235846
ICS,41235848
ICS,41235849
ICS,41235850
ICS,41235851
ICS,41235888
ICS,41235891
ICS,41264561
ICS,41264564
ICS,41264565
ICS,41264566
ICS,41264567
ICS,41264646
ICS,41265202
ICS,41265802
ICS,41266755
ICS,41266756
ICS,41266757
ICS,41266758
ICS,41266759
ICS,41266762
ICS,41266800
ICS,41266802
ICS,41266806
ICS,41294123
ICS,41294126
ICS,41295343
ICS,41295356
ICS,41295647
ICS,41296115
ICS,41296387
ICS,41297754
ICS,41297755
ICS,41297757
ICS,41297758
ICS,41297793
ICS,42478834
ICS,42479884
ICS,42480011
ICS,42711068
ICS,42711128
ICS,42712430
ICS,42713496
ICS,42713703
ICS,42713713
ICS,42713714
ICS,42714988
ICS,42717808
ICS,42719120
ICS,42719121
ICS,42720476
ICS,42721557
ICS,42721763
ICS,42721821
ICS,42724273
ICS,42724457
ICS,42725745
ICS,42727157
ICS,42728443
ICS,42729720
ICS,43013737
ICS,43133391
ICS,43137551
ICS,43138473
ICS,43148463
ICS,43149377
ICS,43166412
ICS,43170568
ICS,43171519
ICS,43177448
ICS,43177631
ICS,43179663
ICS,43181578
ICS,43192301
ICS,43192796
ICS,43193456
ICS,43204880
ICS,43260360
ICS,43265787
ICS,43266611
ICS,43268664
ICS,43272232
ICS,43279543
ICS,43282161
ICS,43283024
ICS,43290378
ICS,43585303
ICS,43585305
ICS,43600504
ICS,43601895
ICS,43603092
ICS,43603367
ICS,43603416
ICS,43618523
ICS,43618525
ICS,43619887
ICS,43620052
ICS,43635892
ICS,43636053
ICS,43637996
ICS,43638002
ICS,43654697
ICS,43654698
ICS,43656087
ICS,43657550
ICS,43657551
ICS,43657601
ICS,43672814
ICS,43675686
ICS,43675688
ICS,43675747
ICS,43690648
ICS,43690657
ICS,43691877
ICS,43691981
ICS,43696691
ICS,43708516
ICS,43708520
ICS,43726451
ICS,43726452
ICS,43731493
ICS,43745810
ICS,43746004
ICS,43746838
ICS,43749424
ICS,43761670
ICS,43761817
ICS,43779715
ICS,43780458
ICS,43780466
ICS,43780468
ICS,43783377
ICS,43785316
ICS,43785319
ICS,43798400
ICS,43798413
ICS,43803257
ICS,43816440
ICS,43816450
ICS,43833899
ICS,43834658
ICS,43834659
ICS,43836223
ICS,43840712
ICS,43851825
ICS,44027703
ICS,44028529
ICS,44028530
ICS,44029196
ICS,44029198
ICS,44029199
ICS,44029294
ICS,44039346
ICS,44041506
ICS,44042202
ICS,44042206
ICS,44052418
ICS,44055280
ICS,44055281
ICS,44055282
ICS,44055283
ICS,44055284
ICS,44055286
ICS,44066735
ICS,44067679
ICS,44068254
ICS,44068255
ICS,44068257
ICS,44068258
ICS,44068259
ICS,44079429
ICS,44079430
ICS,44079431
ICS,44080269
ICS,44080344
ICS,44080888
ICS,44080953
ICS,44092431
ICS,44092432
ICS,44093941
ICS,44093944
ICS,44093948
ICS,44093949
ICS,44104078
ICS,44105354
ICS,44106161
ICS,44106225
ICS,44106227
ICS,44106830
ICS,44106832
ICS,44106833
ICS,44106835
ICS,44106837
ICS,44106839
ICS,44106909
ICS,44118297
ICS,44118298
ICS,44119242
ICS,44119845
ICS,44119847
ICS,44171938
ICS,44175642
ICS,44179498
ICS,44183220
ICS,44183222
ICS,44507749
ICS,45892424
ICS,46221671
ICS,46234379
ICS,46234381
ICS,46287602
ICS,46287627
ICS,1592201
ICS,1592205
ICS,1592230
ICS,1592701
ICS,1594239
ICS,1594363
ICS,1594426
ICS,1594498
ICS,19074604
ICS,36212003
ICS,36212005
ICS,36212008
ICS,36212123
ICS,36212124
ICS,36212127
ICS,36212137
ICS,36212138
ICS,36212144
ICS,36212156
ICS,36212159
ICS,36212288
ICS,36212864
ICS,36213521
ICS,36213686
ICS,36215515
ICS,36215516
ICS,36216765
ICS,36217556
ICS,36217840
ICS,36218674
ICS,36219413
ICS,36219416
ICS,36219417
ICS,36220588
ICS,36220589
ICS,36223173
ICS,36223381
ICS,36223384
ICS,36227374
ICS,36227516
ICS,36227691
ICS,36227701
ICS,36227710
ICS,36228062
ICS,36228144
ICS,36228158
ICS,36230209
ICS,36230491
ICS,36230674
ICS,36231068
ICS,36231341
ICS,36231342
ICS,36231575
ICS,36231605
ICS,36231946
ICS,36233623
ICS,36233625
ICS,36233626
ICS,36233801
ICS,36233968
ICS,36234053
ICS,36234390
ICS,36234402
ICS,36234484
ICS,36234485
ICS,36234672
ICS,36234675
ICS,36234739
ICS,36234744
ICS,36235174
ICS,36235175
ICS,36236020
ICS,36236207
ICS,36236669
ICS,36236772
ICS,36236773
ICS,36236779
ICS,36237066
ICS,36237086
ICS,36237705
ICS,36238465
ICS,36238500
ICS,36238648
ICS,36238664
ICS,36239134
ICS,36239366
ICS,36239373
ICS,36239528
ICS,36239814
ICS,36239832
ICS,36239833
ICS,36239837
ICS,36239838
ICS,36239839
ICS,36240334
ICS,36241514
ICS,36241516
ICS,36242245
ICS,36242478
ICS,36242680
ICS,36242863
ICS,36246161
ICS,36246165
ICS,36246233
ICS,36246234
ICS,36247270
ICS,36247768
ICS,36247923
ICS,36247944
ICS,36248085
ICS,36248329
ICS,36248369
ICS,36248462
ICS,36248502
ICS,36248503
ICS,36248515
ICS,36248518
ICS,36248540
ICS,36248800
ICS,36248836
ICS,36248837
ICS,36248883
ICS,36248933
ICS,36248934
ICS,36249053
ICS,36249054
ICS,36249521
ICS,36249525
ICS,36249527
ICS,36249528
ICS,36249529
ICS,36249530
ICS,36249533
ICS,36249535
ICS,36249536
ICS,36249537
ICS,36249538
ICS,36249539
ICS,36249540
ICS,36249541
ICS,36249542
ICS,36249618
ICS,36249620
ICS,36249624
ICS,36249625
ICS,36249627
ICS,36897938
ICS,40221066
ICS,40233982
ICS,40234715
ICS,40234738
ICS,42731729
ICS,43162154
ICS,43272233
ICS,43283022
ICS,43694333
ICS,43869247
ICS,1511378
ICS,42964799
ICS,43637995
ICS,792592
ICS,793580
ICS,1146323
ICS,1355731
ICS,1355737
ICS,1355748
ICS,1510937
ICS,1511380
ICS,1560009
ICS,1560034
ICS,1560042
ICS,37496921
ICS,37499517
ICS,36212158
ICS,36217839
ICS,36218673
ICS,36220935
ICS,36248861
LAMA,35200236
LAMA,35200241
LAMA,35200235
LAMA,35200240
SABA,36215527
SAMA,36224639
SAMA,36233597
SAMA,43184443
Systemic glucocorticoids,904331
Systemic glucocorticoids,904332
Systemic glucocorticoids,904333
Systemic glucocorticoids,904385
Systemic glucocorticoids,904392
Systemic glucocorticoids,904395
Systemic glucocorticoids,904427
Systemic glucocorticoids,904436
Systemic glucocorticoids,904509
Systemic glucocorticoids,920796
Systemic glucocorticoids,920798
Systemic glucocorticoids,920800
Systemic glucocorticoids,920823
Systemic glucocorticoids,920824
Systemic glucocorticoids,920825
Systemic glucocorticoids,920826
Systemic glucocorticoids,920831
Systemic glucocorticoids,920868
Systemic glucocorticoids,920869
Systemic glucocorticoids,920870
Systemic glucocorticoids,920871
Systemic glucocorticoids,920915
Systemic glucocorticoids,1592208
Systemic glucocorticoids,1594365
Systemic glucocorticoids,1594369
Systemic glucocorticoids,1594384
Systemic glucocorticoids,1594386
Systemic glucocorticoids,1594388
Systemic glucocorticoids,1594414
Systemic glucocorticoids,1594496
Systemic glucocorticoids,1594689
Systemic glucocorticoids,1594691
Systemic glucocorticoids,1594694
Systemic glucocorticoids,19005824
Systemic glucocorticoids,19006606
Systemic glucocorticoids,19015780
Systemic glucocorticoids,19015801
Systemic glucocorticoids,19016533
Systemic glucocorticoids,19020402
Systemic glucocorticoids,19021121
Systemic glucocorticoids,19022881
Systemic glucocorticoids,19022882
Systemic glucocorticoids,19027280
Systemic glucocorticoids,19029017
Systemic glucocorticoids,19031961
Systemic glucocorticoids,19032573
Systemic glucocorticoids,19032638
Systemic glucocorticoids,19033819
Systemic glucocorticoids,19033841
Systemic glucocorticoids,19034021
Systemic glucocorticoids,19034027
Systemic glucocorticoids,19035282
Systemic glucocorticoids,19037464
Systemic glucocorticoids,19042519
Systemic glucocorticoids,19043320
Systemic glucocorticoids,19043374
Systemic glucocorticoids,19045921
Systemic glucocorticoids,19047753
Systemic glucocorticoids,19047824
Systemic glucocorticoids,19052272
Systemic glucocorticoids,19052278
Systemic glucocorticoids,19052279
Systemic glucocorticoids,19052715
Systemic glucocorticoids,19053595
Systemic glucocorticoids,19056328
Systemic glucocorticoids,19056330
Systemic glucocorticoids,19056414
Systemic glucocorticoids,19056451
Systemic glucocorticoids,19058164
Systemic glucocorticoids,19059610
Systemic glucocorticoids,19059634
Systemic glucocorticoids,19059688
Systemic glucocorticoids,19060779
Systemic glucocorticoids,19061353
Systemic glucocorticoids,19061357
Systemic glucocorticoids,19061358
Systemic glucocorticoids,19061578
Systemic glucocorticoids,19061653
Systemic glucocorticoids,19061654
Systemic glucocorticoids,19061952
Systemic glucocorticoids,19062339
Systemic glucocorticoids,19062371
Systemic glucocorticoids,19062372
Systemic glucocorticoids,19062373
Systemic glucocorticoids,19063117
Systemic glucocorticoids,19063870
Systemic glucocorticoids,19072647
Systemic glucocorticoids,19072837
Systemic glucocorticoids,19072839
Systemic glucocorticoids,19073069
Systemic glucocorticoids,19074763
Systemic glucocorticoids,19074770
Systemic glucocorticoids,19074792
Systemic glucocorticoids,19076095
Systemic glucocorticoids,19076121
Systemic glucocorticoids,19077782
Systemic glucocorticoids,19079489
Systemic glucocorticoids,19080569
Systemic glucocorticoids,19080591
Systemic glucocorticoids,19080745
Systemic glucocorticoids,19082356
Systemic glucocorticoids,19084748
Systemic glucocorticoids,19084825
Systemic glucocorticoids,19089689
Systemic glucocorticoids,19091880
Systemic glucocorticoids,19093625
Systemic glucocorticoids,19093724
Systemic glucocorticoids,19095979
Systemic glucocorticoids,19097852
Systemic glucocorticoids,19108591
Systemic glucocorticoids,19108592
Systemic glucocorticoids,19108994
Systemic glucocorticoids,19109114
Systemic glucocorticoids,19109785
Systemic glucocorticoids,19109794
Systemic glucocorticoids,19114213
Systemic glucocorticoids,19114227
Systemic glucocorticoids,19115554
Systemic glucocorticoids,19115555
Systemic glucocorticoids,19115584
Systemic glucocorticoids,19115591
Systemic glucocorticoids,19115592
Systemic glucocorticoids,19115593
Systemic glucocorticoids,19115594
Systemic glucocorticoids,19116153
Systemic glucocorticoids,19118101
Systemic glucocorticoids,19118103
Systemic glucocorticoids,19118145
Systemic glucocorticoids,19118446
Systemic glucocorticoids,19118641
Systemic glucocorticoids,19118695
Systemic glucocorticoids,19118696
Systemic glucocorticoids,19118697
Systemic glucocorticoids,19118716
Systemic glucocorticoids,19120343
Systemic glucocorticoids,19120348
Systemic glucocorticoids,19120349
Systemic glucocorticoids,19120353
Systemic glucocorticoids,19120572
Systemic glucocorticoids,19120573
Systemic glucocorticoids,19120574
Systemic glucocorticoids,19120583
Systemic glucocorticoids,19120626
Systemic glucocorticoids,19120885
Systemic glucocorticoids,19121384
Systemic glucocorticoids,19121519
Systemic glucocorticoids,19122088
Systemic glucocorticoids,19122159
Systemic glucocorticoids,19122719
Systemic glucocorticoids,19122734
Systemic glucocorticoids,19124041
Systemic glucocorticoids,19124218
Systemic glucocorticoids,19125539
Systemic glucocorticoids,19125543
Systemic glucocorticoids,19125545
Systemic glucocorticoids,19126580
Systemic glucocorticoids,19129772
Systemic glucocorticoids,19133284
Systemic glucocorticoids,19135618
Systemic glucocorticoids,21023076
Systemic glucocorticoids,21026166
Systemic glucocorticoids,21030801
Systemic glucocorticoids,21031780
Systemic glucocorticoids,21032448
Systemic glucocorticoids,21035053
Systemic glucocorticoids,21035054
Systemic glucocorticoids,21040671
Systemic glucocorticoids,21042137
Systemic glucocorticoids,21042749
Systemic glucocorticoids,21043846
Systemic glucocorticoids,21050484
Systemic glucocorticoids,21060272
Systemic glucocorticoids,21065310
Systemic glucocorticoids,21070229
Systemic glucocorticoids,21070231
Systemic glucocorticoids,21075335
Systemic glucocorticoids,21079940
Systemic glucocorticoids,21084958
Systemic glucocorticoids,21089658
Systemic glucocorticoids,21094866
Systemic glucocorticoids,21099553
Systemic glucocorticoids,21109432
Systemic glucocorticoids,21111451
Systemic glucocorticoids,21114406
Systemic glucocorticoids,21114410
Systemic glucocorticoids,21119098
Systemic glucocorticoids,21119101
Systemic glucocorticoids,21122852
Systemic glucocorticoids,21128885
Systemic glucocorticoids,21129891
Systemic glucocorticoids,21138781
Systemic glucocorticoids,21143925
Systemic glucocorticoids,21148634
Systemic glucocorticoids,21153886
Systemic glucocorticoids,21172569
Systemic glucocorticoids,21173471
Systemic glucocorticoids,35408101
Systemic glucocorticoids,35411989
Systemic glucocorticoids,35412750
Systemic glucocorticoids,35602969
Systemic glucocorticoids,35602973
Systemic glucocorticoids,35604712
Systemic glucocorticoids,35604770
Systemic glucocorticoids,35604773
Systemic glucocorticoids,35604854
Systemic glucocorticoids,35604856
Systemic glucocorticoids,36212125
Systemic glucocorticoids,36212126
Systemic glucocorticoids,36212132
Systemic glucocorticoids,36212133
Systemic glucocorticoids,36212134
Systemic glucocorticoids,36212136
Systemic glucocorticoids,36212139
Systemic glucocorticoids,36212140
Systemic glucocorticoids,36212141
Systemic glucocorticoids,36212142
Systemic glucocorticoids,36212148
Systemic glucocorticoids,36212149
Systemic glucocorticoids,36212150
Systemic glucocorticoids,36212151
Systemic glucocorticoids,36212153
Systemic glucocorticoids,36212154
Systemic glucocorticoids,36212155
Systemic glucocorticoids,36212157
Systemic glucocorticoids,36212937
Systemic glucocorticoids,36213939
Systemic glucocorticoids,36213940
Systemic glucocorticoids,36213942
Systemic glucocorticoids,36213946
Systemic glucocorticoids,36214279
Systemic glucocorticoids,36214680
Systemic glucocorticoids,36215046
Systemic glucocorticoids,36215047
Systemic glucocorticoids,36215259
Systemic glucocorticoids,36215510
Systemic glucocorticoids,36216745
Systemic glucocorticoids,36218218
Systemic glucocorticoids,36218219
Systemic glucocorticoids,36218220
Systemic glucocorticoids,36218391
Systemic glucocorticoids,36218430
Systemic glucocorticoids,36218586
Systemic glucocorticoids,36218845
Systemic glucocorticoids,36220337
Systemic glucocorticoids,36220754
Systemic glucocorticoids,36220757
Systemic glucocorticoids,36220761
Systemic glucocorticoids,36220905
Systemic glucocorticoids,36220910
Systemic glucocorticoids,36221048
Systemic glucocorticoids,36221514
Systemic glucocorticoids,36221517
Systemic glucocorticoids,36221520
Systemic glucocorticoids,36221522
Systemic glucocorticoids,36221524
Systemic glucocorticoids,36221525
Systemic glucocorticoids,36221531
Systemic glucocorticoids,36222080
Systemic glucocorticoids,36222419
Systemic glucocorticoids,36222420
Systemic glucocorticoids,36222421
Systemic glucocorticoids,36222422
Systemic glucocorticoids,36222423
Systemic glucocorticoids,36222429
Systemic glucocorticoids,36222452
Systemic glucocorticoids,36223094
Systemic glucocorticoids,36223095
Systemic glucocorticoids,36223168
Systemic glucocorticoids,36223169
Systemic glucocorticoids,36223170
Systemic glucocorticoids,36223172
Systemic glucocorticoids,36223383
Systemic glucocorticoids,36225304
Systemic glucocorticoids,36227858
Systemic glucocorticoids,36228071
Systemic glucocorticoids,36228072
Systemic glucocorticoids,36228082
Systemic glucocorticoids,36228084
Systemic glucocorticoids,36228355
Systemic glucocorticoids,36228356
Systemic glucocorticoids,36228358
Systemic glucocorticoids,36228359
Systemic glucocorticoids,36228360
Systemic glucocorticoids,36228365
Systemic glucocorticoids,36229130
Systemic glucocorticoids,36229136
Systemic glucocorticoids,36229262
Systemic glucocorticoids,36229567
Systemic glucocorticoids,36229948
Systemic glucocorticoids,36229949
Systemic glucocorticoids,36229950
Systemic glucocorticoids,36229953
Systemic glucocorticoids,36229969
Systemic glucocorticoids,36230201
Systemic glucocorticoids,36231004
Systemic glucocorticoids,36231066
Systemic glucocorticoids,36231067
Systemic glucocorticoids,36231211
Systemic glucocorticoids,36231213
Systemic glucocorticoids,36231254
Systemic glucocorticoids,36231646
Systemic glucocorticoids,36231647
Systemic glucocorticoids,36231961
Systemic glucocorticoids,36231986
Systemic glucocorticoids,36231991
Systemic glucocorticoids,36232123
Systemic glucocorticoids,36232779
Systemic glucocorticoids,36233621
Systemic glucocorticoids,36233622
Systemic glucocorticoids,36233624
Systemic glucocorticoids,36233795
Systemic glucocorticoids,36233799
Systemic glucocorticoids,36234103
Systemic glucocorticoids,36234399
Systemic glucocorticoids,36234400
Systemic glucocorticoids,36234401
Systemic glucocorticoids,36234403
Systemic glucocorticoids,36234404
Systemic glucocorticoids,36234405
Systemic glucocorticoids,36234745
Systemic glucocorticoids,36234834
Systemic glucocorticoids,36234835
Systemic glucocorticoids,36235052
Systemic glucocorticoids,36235053
Systemic glucocorticoids,36235057
Systemic glucocorticoids,36235058
Systemic glucocorticoids,36235059
Systemic glucocorticoids,36235063
Systemic glucocorticoids,36235607
Systemic glucocorticoids,36236144
Systemic glucocorticoids,36236145
Systemic glucocorticoids,36236219
Systemic glucocorticoids,36236664
Systemic glucocorticoids,36236665
Systemic glucocorticoids,36236666
Systemic glucocorticoids,36236667
Systemic glucocorticoids,36236778
Systemic glucocorticoids,36236788
Systemic glucocorticoids,36236789
Systemic glucocorticoids,36236790
Systemic glucocorticoids,36237398
Systemic glucocorticoids,36237399
Systemic glucocorticoids,36237599
Systemic glucocorticoids,36238499
Systemic glucocorticoids,36238550
Systemic glucocorticoids,36238587
Systemic glucocorticoids,36238663
Systemic glucocorticoids,36239075
Systemic glucocorticoids,36239207
Systemic glucocorticoids,36239259
Systemic glucocorticoids,36239372
Systemic glucocorticoids,36239408
Systemic glucocorticoids,36239465
Systemic glucocorticoids,36239689
Systemic glucocorticoids,36239987
Systemic glucocorticoids,36240070
Systemic glucocorticoids,36240076
Systemic glucocorticoids,36240216
Systemic glucocorticoids,36240251
Systemic glucocorticoids,36240559
Systemic glucocorticoids,36241140
Systemic glucocorticoids,36241141
Systemic glucocorticoids,36241229
Systemic glucocorticoids,36241599
Systemic glucocorticoids,36241985
Systemic glucocorticoids,36242077
Systemic glucocorticoids,36242078
Systemic glucocorticoids,36242079
Systemic glucocorticoids,36242200
Systemic glucocorticoids,36242201
Systemic glucocorticoids,36242202
Systemic glucocorticoids,36242204
Systemic glucocorticoids,36242467
Systemic glucocorticoids,36242474
Systemic glucocorticoids,36242477
Systemic glucocorticoids,36242774
Systemic glucocorticoids,36243387
Systemic glucocorticoids,36243929
Systemic glucocorticoids,36243934
Systemic glucocorticoids,36243960
Systemic glucocorticoids,36244614
Systemic glucocorticoids,36245178
Systemic glucocorticoids,36245778
Systemic glucocorticoids,36246576
Systemic glucocorticoids,36246609
Systemic glucocorticoids,36246610
Systemic glucocorticoids,36247109
Systemic glucocorticoids,36247249
Systemic glucocorticoids,36248251
Systemic glucocorticoids,36248464
Systemic glucocorticoids,36879794
Systemic glucocorticoids,36880771
Systemic glucocorticoids,36880772
Systemic glucocorticoids,36881607
Systemic glucocorticoids,36881738
Systemic glucocorticoids,36882535
Systemic glucocorticoids,36882678
Systemic glucocorticoids,36883542
Systemic glucocorticoids,36883620
Systemic glucocorticoids,36884571
Systemic glucocorticoids,36886519
Systemic glucocorticoids,36888309
Systemic glucocorticoids,36888460
Systemic glucocorticoids,36889316
Systemic glucocorticoids,36890326
Systemic glucocorticoids,36890487
Systemic glucocorticoids,36892347
Systemic glucocorticoids,36892441
Systemic glucocorticoids,36893300
Systemic glucocorticoids,36893432
Systemic glucocorticoids,36894387
Systemic glucocorticoids,36897923
Systemic glucocorticoids,40163009
Systemic glucocorticoids,40163010
Systemic glucocorticoids,40163407
Systemic glucocorticoids,40167909
Systemic glucocorticoids,40168005
Systemic glucocorticoids,40168724
Systemic glucocorticoids,40170093
Systemic glucocorticoids,40184256
Systemic glucocorticoids,40221061
Systemic glucocorticoids,40221064
Systemic glucocorticoids,40225769
Systemic glucocorticoids,40225772
Systemic glucocorticoids,40226537
Systemic glucocorticoids,40226547
Systemic glucocorticoids,40226548
Systemic glucocorticoids,40226549
Systemic glucocorticoids,40226561
Systemic glucocorticoids,40226562
Systemic glucocorticoids,40226563
Systemic glucocorticoids,40226564
Systemic glucocorticoids,40226633
Systemic glucocorticoids,40226642
Systemic glucocorticoids,40226643
Systemic glucocorticoids,40226649
Systemic glucocorticoids,40228089
Systemic glucocorticoids,40230690
Systemic glucocorticoids,40231136
Systemic glucocorticoids,40233974
Systemic glucocorticoids,40233975
Systemic glucocorticoids,40233983
Systemic glucocorticoids,40233984
Systemic glucocorticoids,40233988
Systemic glucocorticoids,40233991
Systemic glucocorticoids,40233992
Systemic glucocorticoids,40234004
Systemic glucocorticoids,40234005
Systemic glucocorticoids,40234006
Systemic glucocorticoids,40234007
Systemic glucocorticoids,40234008
Systemic glucocorticoids,40234009
Systemic glucocorticoids,40234021
Systemic glucocorticoids,40234022
Systemic glucocorticoids,40234023
Systemic glucocorticoids,40234024
Systemic glucocorticoids,40234025
Systemic glucocorticoids,40234026
Systemic glucocorticoids,40234027
Systemic glucocorticoids,40234028
Systemic glucocorticoids,40234029
Systemic glucocorticoids,40234032
Systemic glucocorticoids,40234033
Systemic glucocorticoids,40234036
Systemic glucocorticoids,40234037
Systemic glucocorticoids,40234061
Systemic glucocorticoids,40234062
Systemic glucocorticoids,40234063
Systemic glucocorticoids,40234064
Systemic glucocorticoids,40234065
Systemic glucocorticoids,40234066
Systemic glucocorticoids,40234067
Systemic glucocorticoids,40234068
Systemic glucocorticoids,40234069
Systemic glucocorticoids,40234070
Systemic glucocorticoids,40234071
Systemic glucocorticoids,40234072
Systemic glucocorticoids,40234073
Systemic glucocorticoids,40234074
Systemic glucocorticoids,40234075
Systemic glucocorticoids,40234076
Systemic glucocorticoids,40234077
Systemic glucocorticoids,40234078
Systemic glucocorticoids,40234079
Systemic glucocorticoids,40234080
Systemic glucocorticoids,40234081
Systemic glucocorticoids,40234082
Systemic glucocorticoids,40234083
Systemic glucocorticoids,40234090
Systemic glucocorticoids,40234091
Systemic glucocorticoids,40234092
Systemic glucocorticoids,40234093
Systemic glucocorticoids,40234094
Systemic glucocorticoids,40234716
Systemic glucocorticoids,40234720
Systemic glucocorticoids,40234721
Systemic glucocorticoids,40234722
Systemic glucocorticoids,40234723
Systemic glucocorticoids,40234724
Systemic glucocorticoids,40234725
Systemic glucocorticoids,40234726
Systemic glucocorticoids,40234737
Systemic glucocorticoids,40234739
Systemic glucocorticoids,40234740
Systemic glucocorticoids,40234741
Systemic glucocorticoids,40234742
Systemic glucocorticoids,40234743
Systemic glucocorticoids,40234744
Systemic glucocorticoids,40234745
Systemic glucocorticoids,40234790
Systemic glucocorticoids,40234792
Systemic glucocorticoids,40234794
Systemic glucocorticoids,40234796
Systemic glucocorticoids,40234799
Systemic glucocorticoids,40234800
Systemic glucocorticoids,40234810
Systemic glucocorticoids,40234811
Systemic glucocorticoids,40234812
Systemic glucocorticoids,40234813
Systemic glucocorticoids,40234814
Systemic glucocorticoids,40234815
Systemic glucocorticoids,40234816
Systemic glucocorticoids,40234817
Systemic glucocorticoids,40234818
Systemic glucocorticoids,40234821
Systemic glucocorticoids,40234822
Systemic glucocorticoids,40234825
Systemic glucocorticoids,40239009
Systemic glucocorticoids,40239014
Systemic glucocorticoids,40239015
Systemic glucocorticoids,40239016
Systemic glucocorticoids,40239443
Systemic glucocorticoids,40239444
Systemic glucocorticoids,40241221
Systemic glucocorticoids,40243957
Systemic glucocorticoids,40821674
Systemic glucocorticoids,40821987
Systemic glucocorticoids,40823543
Systemic glucocorticoids,40824166
Systemic glucocorticoids,40824167
Systemic glucocorticoids,40825108
Systemic glucocorticoids,40826101
Systemic glucocorticoids,40826102
Systemic glucocorticoids,40827417
Systemic glucocorticoids,40827418
Systemic glucocorticoids,40827710
Systemic glucocorticoids,40827712
Systemic glucocorticoids,40828814
Systemic glucocorticoids,40828815
Systemic glucocorticoids,40829063
Systemic glucocorticoids,40829374
Systemic glucocorticoids,40829375
Systemic glucocorticoids,40829376
Systemic glucocorticoids,40829377
Systemic glucocorticoids,40829417
Systemic glucocorticoids,40829418
Systemic glucocorticoids,40829635
Systemic glucocorticoids,40829637
Systemic glucocorticoids,40829907
Systemic glucocorticoids,40829908
Systemic glucocorticoids,40829910
Systemic glucocorticoids,40829912
Systemic glucocorticoids,40829914
Systemic glucocorticoids,40829973
Systemic glucocorticoids,40830080
Systemic glucocorticoids,40857397
Systemic glucocorticoids,40858662
Systemic glucocorticoids,40858664
Systemic glucocorticoids,40858986
Systemic glucocorticoids,40858988
Systemic glucocorticoids,40859200
Systemic glucocorticoids,40859201
Systemic glucocorticoids,40859423
Systemic glucocorticoids,40859636
Systemic glucocorticoids,40859894
Systemic glucocorticoids,40860215
Systemic glucocorticoids,40860438
Systemic glucocorticoids,40860610
Systemic glucocorticoids,40860611
Systemic glucocorticoids,40860612
Systemic glucocorticoids,40860614
Systemic glucocorticoids,40860630
Systemic glucocorticoids,40860658
Systemic glucocorticoids,40860659
Systemic glucocorticoids,40861009
Systemic glucocorticoids,40861078
Systemic glucocorticoids,40861079
Systemic glucocorticoids,40861080
Systemic glucocorticoids,40861081
Systemic glucocorticoids,40861083
Systemic glucocorticoids,40861084
Systemic glucocorticoids,40861085
Systemic glucocorticoids,40861307
Systemic glucocorticoids,40861410
Systemic glucocorticoids,40889949
Systemic glucocorticoids,40890299
Systemic glucocorticoids,40890301
Systemic glucocorticoids,40890302
Systemic glucocorticoids,40890303
Systemic glucocorticoids,40891135
Systemic glucocorticoids,40891349
Systemic glucocorticoids,40891350
Systemic glucocorticoids,40891409
Systemic glucocorticoids,40891443
Systemic glucocorticoids,40891444
Systemic glucocorticoids,40891868
Systemic glucocorticoids,40891870
Systemic glucocorticoids,40891871
Systemic glucocorticoids,40891872
Systemic glucocorticoids,40892291
Systemic glucocorticoids,40892322
Systemic glucocorticoids,40892575
Systemic glucocorticoids,40892576
Systemic glucocorticoids,40892577
Systemic glucocorticoids,40892609
Systemic glucocorticoids,40920952
Systemic glucocorticoids,40921262
Systemic glucocorticoids,40921682
Systemic glucocorticoids,40921946
Systemic glucocorticoids,40922346
Systemic glucocorticoids,40922347
Systemic glucocorticoids,40922348
Systemic glucocorticoids,40922351
Systemic glucocorticoids,40922457
Systemic glucocorticoids,40922481
Systemic glucocorticoids,40922844
Systemic glucocorticoids,40922845
Systemic glucocorticoids,40923366
Systemic glucocorticoids,40923371
Systemic glucocorticoids,40923420
Systemic glucocorticoids,40923766
Systemic glucocorticoids,40952095
Systemic glucocorticoids,40952434
Systemic glucocorticoids,40953061
Systemic glucocorticoids,40953062
Systemic glucocorticoids,40953323
Systemic glucocorticoids,40953476
Systemic glucocorticoids,40953531
Systemic glucocorticoids,40953533
Systemic glucocorticoids,40953534
Systemic glucocorticoids,40953535
Systemic glucocorticoids,40953542
Systemic glucocorticoids,40953546
Systemic glucocorticoids,40953645
Systemic glucocorticoids,40953651
Systemic glucocorticoids,40954109
Systemic glucocorticoids,40954110
Systemic glucocorticoids,40954132
Systemic glucocorticoids,40954133
Systemic glucocorticoids,40954158
Systemic glucocorticoids,40954312
Systemic glucocorticoids,40954602
Systemic glucocorticoids,40954603
Systemic glucocorticoids,40954606
Systemic glucocorticoids,40954607
Systemic glucocorticoids,40954608
Systemic glucocorticoids,40954610
Systemic glucocorticoids,40954611
Systemic glucocorticoids,40954612
Systemic glucocorticoids,40954614
Systemic glucocorticoids,40981958
Systemic glucocorticoids,40981959
Systemic glucocorticoids,40983794
Systemic glucocorticoids,40984285
Systemic glucocorticoids,40984489
Systemic glucocorticoids,40984717
Systemic glucocorticoids,40984722
Systemic glucocorticoids,40984816
Systemic glucocorticoids,40984854
Systemic glucocorticoids,40985239
Systemic glucocorticoids,40985240
Systemic glucocorticoids,40985241
Systemic glucocorticoids,40985242
Systemic glucocorticoids,40985243
Systemic glucocorticoids,40985244
Systemic glucocorticoids,40985255
Systemic glucocorticoids,40985261
Systemic glucocorticoids,40985287
Systemic glucocorticoids,40985486
Systemic glucocorticoids,40985730
Systemic glucocorticoids,40985731
Systemic glucocorticoids,40985732
Systemic glucocorticoids,40985733
Systemic glucocorticoids,40985735
Systemic glucocorticoids,40985787
Systemic glucocorticoids,40985973
Systemic glucocorticoids,41013254
Systemic glucocorticoids,41015450
Systemic glucocorticoids,41015662
Systemic glucocorticoids,41015862
Systemic glucocorticoids,41015867
Systemic glucocorticoids,41016339
Systemic glucocorticoids,41016340
Systemic glucocorticoids,41016341
Systemic glucocorticoids,41016348
Systemic glucocorticoids,41016364
Systemic glucocorticoids,41016552
Systemic glucocorticoids,41016828
Systemic glucocorticoids,41016829
Systemic glucocorticoids,41016830
Systemic glucocorticoids,41016832
Systemic glucocorticoids,41016835
Systemic glucocorticoids,41016838
Systemic glucocorticoids,41016839
Systemic glucocorticoids,41045692
Systemic glucocorticoids,41045988
Systemic glucocorticoids,41045989
Systemic glucocorticoids,41045990
Systemic glucocorticoids,41046352
Systemic glucocorticoids,41046598
Systemic glucocorticoids,41046667
Systemic glucocorticoids,41047079
Systemic glucocorticoids,41047080
Systemic glucocorticoids,41047081
Systemic glucocorticoids,41047083
Systemic glucocorticoids,41047089
Systemic glucocorticoids,41047221
Systemic glucocorticoids,41047341
Systemic glucocorticoids,41047447
Systemic glucocorticoids,41047641
Systemic glucocorticoids,41047642
Systemic glucocorticoids,41047643
Systemic glucocorticoids,41047652
Systemic glucocorticoids,41047692
Systemic glucocorticoids,41047693
Systemic glucocorticoids,41047840
Systemic glucocorticoids,41048137
Systemic glucocorticoids,41048138
Systemic glucocorticoids,41048140
Systemic glucocorticoids,41048142
Systemic glucocorticoids,41048143
Systemic glucocorticoids,41048145
Systemic glucocorticoids,41048146
Systemic glucocorticoids,41048147
Systemic glucocorticoids,41048148
Systemic glucocorticoids,41048149
Systemic glucocorticoids,41048151
Systemic glucocorticoids,41075742
Systemic glucocorticoids,41077392
Systemic glucocorticoids,41078476
Systemic glucocorticoids,41078477
Systemic glucocorticoids,41078485
Systemic glucocorticoids,41078486
Systemic glucocorticoids,41078488
Systemic glucocorticoids,41079519
Systemic glucocorticoids,41079520
Systemic glucocorticoids,41079521
Systemic glucocorticoids,41079575
Systemic glucocorticoids,41079668
Systemic glucocorticoids,41079670
Systemic glucocorticoids,41107191
Systemic glucocorticoids,41107193
Systemic glucocorticoids,41107194
Systemic glucocorticoids,41108464
Systemic glucocorticoids,41108465
Systemic glucocorticoids,41108808
Systemic glucocorticoids,41109172
Systemic glucocorticoids,41109258
Systemic glucocorticoids,41109484
Systemic glucocorticoids,41109688
Systemic glucocorticoids,41109689
Systemic glucocorticoids,41109900
Systemic glucocorticoids,41109901
Systemic glucocorticoids,41109902
Systemic glucocorticoids,41109903
Systemic glucocorticoids,41109905
Systemic glucocorticoids,41109906
Systemic glucocorticoids,41109907
Systemic glucocorticoids,41109991
Systemic glucocorticoids,41110124
Systemic glucocorticoids,41110126
Systemic glucocorticoids,41110411
Systemic glucocorticoids,41110412
Systemic glucocorticoids,41110448
Systemic glucocorticoids,41110449
Systemic glucocorticoids,41110450
Systemic glucocorticoids,41110451
Systemic glucocorticoids,41110517
Systemic glucocorticoids,41110861
Systemic glucocorticoids,41110881
Systemic glucocorticoids,41110882
Systemic glucocorticoids,41110883
Systemic glucocorticoids,41110889
Systemic glucocorticoids,41110890
Systemic glucocorticoids,41110892
Systemic glucocorticoids,41111117
Systemic glucocorticoids,41111146
Systemic glucocorticoids,41138637
Systemic glucocorticoids,41138638
Systemic glucocorticoids,41139836
Systemic glucocorticoids,41140142
Systemic glucocorticoids,41140143
Systemic glucocorticoids,41141038
Systemic glucocorticoids,41141043
Systemic glucocorticoids,41141259
Systemic glucocorticoids,41141261
Systemic glucocorticoids,41141265
Systemic glucocorticoids,41141316
Systemic glucocorticoids,41141358
Systemic glucocorticoids,41141359
Systemic glucocorticoids,41141787
Systemic glucocorticoids,41141788
Systemic glucocorticoids,41142046
Systemic glucocorticoids,41142059
Systemic glucocorticoids,41142336
Systemic glucocorticoids,41142337
Systemic glucocorticoids,41142338
Systemic glucocorticoids,41142340
Systemic glucocorticoids,41142341
Systemic glucocorticoids,41142345
Systemic glucocorticoids,41142346
Systemic glucocorticoids,41142347
Systemic glucocorticoids,41142348
Systemic glucocorticoids,41142349
Systemic glucocorticoids,41142559
Systemic glucocorticoids,41142560
Systemic glucocorticoids,41142561
Systemic glucocorticoids,41142640
Systemic glucocorticoids,41142643
Systemic glucocorticoids,41142644
Systemic glucocorticoids,41169743
Systemic glucocorticoids,41169744
Systemic glucocorticoids,41171316
Systemic glucocorticoids,41171317
Systemic glucocorticoids,41171318
Systemic glucocorticoids,41171319
Systemic glucocorticoids,41171748
Systemic glucocorticoids,41171749
Systemic glucocorticoids,41171757
Systemic glucocorticoids,41172029
Systemic glucocorticoids,41172154
Systemic glucocorticoids,41172155
Systemic glucocorticoids,41172361
Systemic glucocorticoids,41172363
Systemic glucocorticoids,41172371
Systemic glucocorticoids,41172469
Systemic glucocorticoids,41172884
Systemic glucocorticoids,41172885
Systemic glucocorticoids,41172886
Systemic glucocorticoids,41172919
Systemic glucocorticoids,41172920
Systemic glucocorticoids,41172921
Systemic glucocorticoids,41172922
Systemic glucocorticoids,41173385
Systemic glucocorticoids,41173386
Systemic glucocorticoids,41173387
Systemic glucocorticoids,41173388
Systemic glucocorticoids,41173389
Systemic glucocorticoids,41173390
Systemic glucocorticoids,41173392
Systemic glucocorticoids,41201158
Systemic glucocorticoids,41203632
Systemic glucocorticoids,41203808
Systemic glucocorticoids,41203864
Systemic glucocorticoids,41203865
Systemic glucocorticoids,41203976
Systemic glucocorticoids,41203983
Systemic glucocorticoids,41204026
Systemic glucocorticoids,41204218
Systemic glucocorticoids,41204427
Systemic glucocorticoids,41204428
Systemic glucocorticoids,41204429
Systemic glucocorticoids,41204430
Systemic glucocorticoids,41204431
Systemic glucocorticoids,41204432
Systemic glucocorticoids,41204433
Systemic glucocorticoids,41204434
Systemic glucocorticoids,41204435
Systemic glucocorticoids,41204442
Systemic glucocorticoids,41204542
Systemic glucocorticoids,41204652
Systemic glucocorticoids,41204656
Systemic glucocorticoids,41204737
Systemic glucocorticoids,41204809
Systemic glucocorticoids,41204898
Systemic glucocorticoids,41204914
Systemic glucocorticoids,41204916
Systemic glucocorticoids,41204919
Systemic glucocorticoids,41204920
Systemic glucocorticoids,41204921
Systemic glucocorticoids,41204922
Systemic glucocorticoids,41204946
Systemic glucocorticoids,41205138
Systemic glucocorticoids,41205197
Systemic glucocorticoids,41205217
Systemic glucocorticoids,41233451
Systemic glucocorticoids,41233785
Systemic glucocorticoids,41234156
Systemic glucocorticoids,41234157
Systemic glucocorticoids,41234158
Systemic glucocorticoids,41234235
Systemic glucocorticoids,41234237
Systemic glucocorticoids,41234381
Systemic glucocorticoids,41234430
Systemic glucocorticoids,41234858
Systemic glucocorticoids,41234967
Systemic glucocorticoids,41235070
Systemic glucocorticoids,41235336
Systemic glucocorticoids,41235345
Systemic glucocorticoids,41235346
Systemic glucocorticoids,41235347
Systemic glucocorticoids,41235348
Systemic glucocorticoids,41235349
Systemic glucocorticoids,41235350
Systemic glucocorticoids,41235351
Systemic glucocorticoids,41235352
Systemic glucocorticoids,41235366
Systemic glucocorticoids,41235384
Systemic glucocorticoids,41235388
Systemic glucocorticoids,41235593
Systemic glucocorticoids,41235595
Systemic glucocorticoids,41235600
Systemic glucocorticoids,41235843
Systemic glucocorticoids,41235844
Systemic glucocorticoids,41235845
Systemic glucocorticoids,41235846
Systemic glucocorticoids,41235848
Systemic glucocorticoids,41235849
Systemic glucocorticoids,41235850
Systemic glucocorticoids,41235851
Systemic glucocorticoids,41236183
Systemic glucocorticoids,41236249
Systemic glucocorticoids,41264561
Systemic glucocorticoids,41264564
Systemic glucocorticoids,41264565
Systemic glucocorticoids,41264566
Systemic glucocorticoids,41264567
Systemic glucocorticoids,41264646
Systemic glucocorticoids,41264971
Systemic glucocorticoids,41265202
Systemic glucocorticoids,41265672
Systemic glucocorticoids,41265673
Systemic glucocorticoids,41265674
Systemic glucocorticoids,41265677
Systemic glucocorticoids,41265749
Systemic glucocorticoids,41265750
Systemic glucocorticoids,41265802
Systemic glucocorticoids,41266143
Systemic glucocorticoids,41266229
Systemic glucocorticoids,41266230
Systemic glucocorticoids,41266231
Systemic glucocorticoids,41266232
Systemic glucocorticoids,41266233
Systemic glucocorticoids,41266349
Systemic glucocorticoids,41266433
Systemic glucocorticoids,41266434
Systemic glucocorticoids,41266436
Systemic glucocorticoids,41266464
Systemic glucocorticoids,41266479
Systemic glucocorticoids,41266480
Systemic glucocorticoids,41266481
Systemic glucocorticoids,41266563
Systemic glucocorticoids,41266734
Systemic glucocorticoids,41266755
Systemic glucocorticoids,41266756
Systemic glucocorticoids,41266757
Systemic glucocorticoids,41266758
Systemic glucocorticoids,41266759
Systemic glucocorticoids,41266762
Systemic glucocorticoids,41267023
Systemic glucocorticoids,41267024
Systemic glucocorticoids,41294123
Systemic glucocorticoids,41294126
Systemic glucocorticoids,41295343
Systemic glucocorticoids,41295647
Systemic glucocorticoids,41296032
Systemic glucocorticoids,41296115
Systemic glucocorticoids,41296120
Systemic glucocorticoids,41296568
Systemic glucocorticoids,41296799
Systemic glucocorticoids,41296800
Systemic glucocorticoids,41296808
Systemic glucocorticoids,41296812
Systemic glucocorticoids,41297000
Systemic glucocorticoids,41297202
Systemic glucocorticoids,41297286
Systemic glucocorticoids,41297287
Systemic glucocorticoids,41297288
Systemic glucocorticoids,41297289
Systemic glucocorticoids,41297290
Systemic glucocorticoids,41297291
Systemic glucocorticoids,41297295
Systemic glucocorticoids,41297336
Systemic glucocorticoids,41297337
Systemic glucocorticoids,41297481
Systemic glucocorticoids,41297513
Systemic glucocorticoids,41297527
Systemic glucocorticoids,41297567
Systemic glucocorticoids,41297648
Systemic glucocorticoids,41297732
Systemic glucocorticoids,41297754
Systemic glucocorticoids,41297755
Systemic glucocorticoids,41297757
Systemic glucocorticoids,41297758
Systemic glucocorticoids,41297776
Systemic glucocorticoids,41297777
Systemic glucocorticoids,41297782
Systemic glucocorticoids,41297825
Systemic glucocorticoids,41297827
Systemic glucocorticoids,41297965
Systemic glucocorticoids,41298021
Systemic glucocorticoids,42629545
Systemic glucocorticoids,42705177
Systemic glucocorticoids,42705230
Systemic glucocorticoids,42705234
Systemic glucocorticoids,42705245
Systemic glucocorticoids,42705264
Systemic glucocorticoids,42711017
Systemic glucocorticoids,42711036
Systemic glucocorticoids,42711068
Systemic glucocorticoids,42711118
Systemic glucocorticoids,42711119
Systemic glucocorticoids,42711128
Systemic glucocorticoids,42713652
Systemic glucocorticoids,42713672
Systemic glucocorticoids,42713703
Systemic glucocorticoids,42713749
Systemic glucocorticoids,42713752
Systemic glucocorticoids,42714984
Systemic glucocorticoids,42714988
Systemic glucocorticoids,42715026
Systemic glucocorticoids,42715027
Systemic glucocorticoids,42716324
Systemic glucocorticoids,42716442
Systemic glucocorticoids,42716453
Systemic glucocorticoids,42717671
Systemic glucocorticoids,42717672
Systemic glucocorticoids,42717701
Systemic glucocorticoids,42717721
Systemic glucocorticoids,42717800
Systemic glucocorticoids,42717808
Systemic glucocorticoids,42719041
Systemic glucocorticoids,42719117
Systemic glucocorticoids,42719120
Systemic glucocorticoids,42719121
Systemic glucocorticoids,42720314
Systemic glucocorticoids,42720369
Systemic glucocorticoids,42720372
Systemic glucocorticoids,42720473
Systemic glucocorticoids,42720476
Systemic glucocorticoids,42721697
Systemic glucocorticoids,42721749
Systemic glucocorticoids,42721809
Systemic glucocorticoids,42721821
Systemic glucocorticoids,42723036
Systemic glucocorticoids,42723064
Systemic glucocorticoids,42723090
Systemic glucocorticoids,42723144
Systemic glucocorticoids,42723146
Systemic glucocorticoids,42724273
Systemic glucocorticoids,42724298
Systemic glucocorticoids,42724342
Systemic glucocorticoids,42724343
Systemic glucocorticoids,42724367
Systemic glucocorticoids,42724387
Systemic glucocorticoids,42724457
Systemic glucocorticoids,42724466
Systemic glucocorticoids,42725677
Systemic glucocorticoids,42725697
Systemic glucocorticoids,42725709
Systemic glucocorticoids,42725745
Systemic glucocorticoids,42725798
Systemic glucocorticoids,42727098
Systemic glucocorticoids,42727150
Systemic glucocorticoids,42727151
Systemic glucocorticoids,42727157
Systemic glucocorticoids,42728341
Systemic glucocorticoids,42728443
Systemic glucocorticoids,42728461
Systemic glucocorticoids,42729711
Systemic glucocorticoids,42731009
Systemic glucocorticoids,42731010
Systemic glucocorticoids,42731057
Systemic glucocorticoids,42731663
Systemic glucocorticoids,42799483
Systemic glucocorticoids,42799746
Systemic glucocorticoids,42800104
Systemic glucocorticoids,42800105
Systemic glucocorticoids,42800108
Systemic glucocorticoids,42800109
Systemic glucocorticoids,42800111
Systemic glucocorticoids,42800112
Systemic glucocorticoids,42800171
Systemic glucocorticoids,42800179
Systemic glucocorticoids,42800180
Systemic glucocorticoids,42800181
Systemic glucocorticoids,42800182
Systemic glucocorticoids,42800183
Systemic glucocorticoids,42800191
Systemic glucocorticoids,42800192
Systemic glucocorticoids,42800193
Systemic glucocorticoids,42800194
Systemic glucocorticoids,42800224
Systemic glucocorticoids,42800225
Systemic glucocorticoids,42800230
Systemic glucocorticoids,42800727
Systemic glucocorticoids,42901437
Systemic glucocorticoids,43011453
Systemic glucocorticoids,43011454
Systemic glucocorticoids,43013658
Systemic glucocorticoids,43013666
Systemic glucocorticoids,43013737
Systemic glucocorticoids,43133391
Systemic glucocorticoids,43133862
Systemic glucocorticoids,43134955
Systemic glucocorticoids,43138473
Systemic glucocorticoids,43147773
Systemic glucocorticoids,43148761
Systemic glucocorticoids,43149377
Systemic glucocorticoids,43156001
Systemic glucocorticoids,43156003
Systemic glucocorticoids,43156006
Systemic glucocorticoids,43158932
Systemic glucocorticoids,43160287
Systemic glucocorticoids,43166368
Systemic glucocorticoids,43166412
Systemic glucocorticoids,43167006
Systemic glucocorticoids,43168354
Systemic glucocorticoids,43169446
Systemic glucocorticoids,43169805
Systemic glucocorticoids,43171199
Systemic glucocorticoids,43171206
Systemic glucocorticoids,43171519
Systemic glucocorticoids,43177448
Systemic glucocorticoids,43178109
Systemic glucocorticoids,43180857
Systemic glucocorticoids,43189953
Systemic glucocorticoids,43190119
Systemic glucocorticoids,43191431
Systemic glucocorticoids,43192301
Systemic glucocorticoids,43192796
Systemic glucocorticoids,43193456
Systemic glucocorticoids,43199939
Systemic glucocorticoids,43201692
Systemic glucocorticoids,43204880
Systemic glucocorticoids,43210739
Systemic glucocorticoids,43255984
Systemic glucocorticoids,43260360
Systemic glucocorticoids,43262535
Systemic glucocorticoids,43265787
Systemic glucocorticoids,43266254
Systemic glucocorticoids,43268664
Systemic glucocorticoids,43271751
Systemic glucocorticoids,43272232
Systemic glucocorticoids,43272288
Systemic glucocorticoids,43279543
Systemic glucocorticoids,43279857
Systemic glucocorticoids,43282161
Systemic glucocorticoids,43283024
Systemic glucocorticoids,43287838
Systemic glucocorticoids,43287958
Systemic glucocorticoids,43288534
Systemic glucocorticoids,43288540
Systemic glucocorticoids,43290378
Systemic glucocorticoids,43293981
Systemic glucocorticoids,43514628
Systemic glucocorticoids,43515458
Systemic glucocorticoids,43516662
Systemic glucocorticoids,43517097
Systemic glucocorticoids,43532628
Systemic glucocorticoids,43560724
Systemic glucocorticoids,43581905
Systemic glucocorticoids,43582143
Systemic glucocorticoids,43582422
Systemic glucocorticoids,43585303
Systemic glucocorticoids,43585305
Systemic glucocorticoids,43600458
Systemic glucocorticoids,43600504
Systemic glucocorticoids,43601041
Systemic glucocorticoids,43601422
Systemic glucocorticoids,43601551
Systemic glucocorticoids,43601895
Systemic glucocorticoids,43603092
Systemic glucocorticoids,43603367
Systemic glucocorticoids,43603416
Systemic glucocorticoids,43617811
Systemic glucocorticoids,43618479
Systemic glucocorticoids,43618486
Systemic glucocorticoids,43618523
Systemic glucocorticoids,43618525
Systemic glucocorticoids,43619887
Systemic glucocorticoids,43620052
Systemic glucocorticoids,43635892
Systemic glucocorticoids,43636053
Systemic glucocorticoids,43636298
Systemic glucocorticoids,43636593
Systemic glucocorticoids,43637557
Systemic glucocorticoids,43637996
Systemic glucocorticoids,43638002
Systemic glucocorticoids,43653934
Systemic glucocorticoids,43654351
Systemic glucocorticoids,43654640
Systemic glucocorticoids,43654697
Systemic glucocorticoids,43654698
Systemic glucocorticoids,43654976
Systemic glucocorticoids,43655645
Systemic glucocorticoids,43656087
Systemic glucocorticoids,43657550
Systemic glucocorticoids,43657551
Systemic glucocorticoids,43657601
Systemic glucocorticoids,43672755
Systemic glucocorticoids,43672814
Systemic glucocorticoids,43675686
Systemic glucocorticoids,43675688
Systemic glucocorticoids,43675747
Systemic glucocorticoids,43690361
Systemic glucocorticoids,43690618
Systemic glucocorticoids,43690648
Systemic glucocorticoids,43690657
Systemic glucocorticoids,43691877
Systemic glucocorticoids,43691981
Systemic glucocorticoids,43708474
Systemic glucocorticoids,43708478
Systemic glucocorticoids,43708516
Systemic glucocorticoids,43708520
Systemic glucocorticoids,43709447
Systemic glucocorticoids,43726126
Systemic glucocorticoids,43726451
Systemic glucocorticoids,43726452
Systemic glucocorticoids,43726546
Systemic glucocorticoids,43727750
Systemic glucocorticoids,43743934
Systemic glucocorticoids,43744213
Systemic glucocorticoids,43745009
Systemic glucocorticoids,43745410
Systemic glucocorticoids,43745810
Systemic glucocorticoids,43746838
Systemic glucocorticoids,43761670
Systemic glucocorticoids,43761817
Systemic glucocorticoids,43762327
Systemic glucocorticoids,43762330
Systemic glucocorticoids,43762878
Systemic glucocorticoids,43779710
Systemic glucocorticoids,43779711
Systemic glucocorticoids,43780413
Systemic glucocorticoids,43780458
Systemic glucocorticoids,43780466
Systemic glucocorticoids,43780468
Systemic glucocorticoids,43781511
Systemic glucocorticoids,43783377
Systemic glucocorticoids,43785219
Systemic glucocorticoids,43786371
Systemic glucocorticoids,43798370
Systemic glucocorticoids,43798400
Systemic glucocorticoids,43798413
Systemic glucocorticoids,43799322
Systemic glucocorticoids,43816440
Systemic glucocorticoids,43816450
Systemic glucocorticoids,43817392
Systemic glucocorticoids,43833899
Systemic glucocorticoids,43834658
Systemic glucocorticoids,43834659
Systemic glucocorticoids,43851825
Systemic glucocorticoids,43851940
Systemic glucocorticoids,43852274
Systemic glucocorticoids,43852928
Systemic glucocorticoids,43870360
Systemic glucocorticoids,44025454
Systemic glucocorticoids,44027703
Systemic glucocorticoids,44028465
Systemic glucocorticoids,44028466
Systemic glucocorticoids,44028467
Systemic glucocorticoids,44028468
Systemic glucocorticoids,44028529
Systemic glucocorticoids,44028530
Systemic glucocorticoids,44028573
Systemic glucocorticoids,44028783
Systemic glucocorticoids,44028869
Systemic glucocorticoids,44028962
Systemic glucocorticoids,44029196
Systemic glucocorticoids,44029198
Systemic glucocorticoids,44029199
Systemic glucocorticoids,44039346
Systemic glucocorticoids,44041447
Systemic glucocorticoids,44041448
Systemic glucocorticoids,44041449
Systemic glucocorticoids,44041450
Systemic glucocorticoids,44041506
Systemic glucocorticoids,44042202
Systemic glucocorticoids,44042206
Systemic glucocorticoids,44042513
Systemic glucocorticoids,44052418
Systemic glucocorticoids,44054533
Systemic glucocorticoids,44054534
Systemic glucocorticoids,44054535
Systemic glucocorticoids,44054539
Systemic glucocorticoids,44054540
Systemic glucocorticoids,44054863
Systemic glucocorticoids,44055280
Systemic glucocorticoids,44055281
Systemic glucocorticoids,44055282
Systemic glucocorticoids,44055283
Systemic glucocorticoids,44055284
Systemic glucocorticoids,44055286
Systemic glucocorticoids,44055370
Systemic glucocorticoids,44055530
Systemic glucocorticoids,44066735
Systemic glucocorticoids,44067522
Systemic glucocorticoids,44067523
Systemic glucocorticoids,44067524
Systemic glucocorticoids,44067525
Systemic glucocorticoids,44067526
Systemic glucocorticoids,44067528
Systemic glucocorticoids,44067846
Systemic glucocorticoids,44067847
Systemic glucocorticoids,44067889
Systemic glucocorticoids,44067890
Systemic glucocorticoids,44068139
Systemic glucocorticoids,44068254
Systemic glucocorticoids,44068255
Systemic glucocorticoids,44068257
Systemic glucocorticoids,44068258
Systemic glucocorticoids,44068259
Systemic glucocorticoids,44079429
Systemic glucocorticoids,44079430
Systemic glucocorticoids,44079431
Systemic glucocorticoids,44079732
Systemic glucocorticoids,44079733
Systemic glucocorticoids,44079734
Systemic glucocorticoids,44079735
Systemic glucocorticoids,44080202
Systemic glucocorticoids,44080203
Systemic glucocorticoids,44080204
Systemic glucocorticoids,44080205
Systemic glucocorticoids,44080206
Systemic glucocorticoids,44080207
Systemic glucocorticoids,44080208
Systemic glucocorticoids,44080209
Systemic glucocorticoids,44080210
Systemic glucocorticoids,44080269
Systemic glucocorticoids,44080346
Systemic glucocorticoids,44080521
Systemic glucocorticoids,44080522
Systemic glucocorticoids,44080559
Systemic glucocorticoids,44080953
Systemic glucocorticoids,44092431
Systemic glucocorticoids,44092432
Systemic glucocorticoids,44093190
Systemic glucocorticoids,44093191
Systemic glucocorticoids,44093195
Systemic glucocorticoids,44093522
Systemic glucocorticoids,44093523
Systemic glucocorticoids,44093557
Systemic glucocorticoids,44093560
Systemic glucocorticoids,44093561
Systemic glucocorticoids,44093657
Systemic glucocorticoids,44093941
Systemic glucocorticoids,44093944
Systemic glucocorticoids,44093948
Systemic glucocorticoids,44093949
Systemic glucocorticoids,44094029
Systemic glucocorticoids,44104078
Systemic glucocorticoids,44105354
Systemic glucocorticoids,44106108
Systemic glucocorticoids,44106109
Systemic glucocorticoids,44106110
Systemic glucocorticoids,44106111
Systemic glucocorticoids,44106112
Systemic glucocorticoids,44106113
Systemic glucocorticoids,44106161
Systemic glucocorticoids,44106476
Systemic glucocorticoids,44106478
Systemic glucocorticoids,44106479
Systemic glucocorticoids,44106480
Systemic glucocorticoids,44106630
Systemic glucocorticoids,44106830
Systemic glucocorticoids,44106832
Systemic glucocorticoids,44106833
Systemic glucocorticoids,44106835
Systemic glucocorticoids,44106837
Systemic glucocorticoids,44106839
Systemic glucocorticoids,44106920
Systemic glucocorticoids,44118297
Systemic glucocorticoids,44118298
Systemic glucocorticoids,44118901
Systemic glucocorticoids,44119126
Systemic glucocorticoids,44119127
Systemic glucocorticoids,44119451
Systemic glucocorticoids,44119452
Systemic glucocorticoids,44119497
Systemic glucocorticoids,44119845
Systemic glucocorticoids,44119847
Systemic glucocorticoids,44119903
Systemic glucocorticoids,44120094
Systemic glucocorticoids,44120095
Systemic glucocorticoids,44120166
Systemic glucocorticoids,44175642
Systemic glucocorticoids,44183220
Systemic glucocorticoids,44186930
Systemic glucocorticoids,44506401
Systemic glucocorticoids,44507503
Systemic glucocorticoids,44507749
Systemic glucocorticoids,44507847
Systemic glucocorticoids,44784836
Systemic glucocorticoids,44814308
Systemic glucocorticoids,45774730
Systemic glucocorticoids,45775905
Systemic glucocorticoids,45776286
Systemic glucocorticoids,45776443
Systemic glucocorticoids,45776611
Systemic glucocorticoids,45776615
Systemic glucocorticoids,45892424
Systemic glucocorticoids,46233830
Systemic glucocorticoids,46234379
Systemic glucocorticoids,46234381
Systemic glucocorticoids,46287602
Systemic glucocorticoids,1592201
Systemic glucocorticoids,1592205
Systemic glucocorticoids,1592219
Systemic glucocorticoids,1592221
Systemic glucocorticoids,1592226
Systemic glucocorticoids,1594363
Systemic glucocorticoids,1594426
Systemic glucocorticoids,1594498
Systemic glucocorticoids,40954964
Systemic glucocorticoids,40986172
Systemic glucocorticoids,19034029
Systemic glucocorticoids,42948145
Systemic glucocorticoids,19032378
Systemic glucocorticoids,42948147
Systemic glucocorticoids,19063153
Systemic glucocorticoids,19072499
Systemic glucocorticoids,19076067
Systemic glucocorticoids,19076097
Systemic glucocorticoids,19076989
Systemic glucocorticoids,19118143
Systemic glucocorticoids,19118144
Systemic glucocorticoids,19118146
Systemic glucocorticoids,19120845
Systemic glucocorticoids,19129476
Systemic glucocorticoids,43637995
Systemic glucocorticoids,36211787
Systemic glucocorticoids,36211968
Systemic glucocorticoids,36211969
Systemic glucocorticoids,36212123
Systemic glucocorticoids,36212124
Systemic glucocorticoids,36212127
Systemic glucocorticoids,36212137
Systemic glucocorticoids,36212138
Systemic glucocorticoids,36212144
Systemic glucocorticoids,36212156
Systemic glucocorticoids,36212159
Systemic glucocorticoids,36212288
Systemic glucocorticoids,36212503
Systemic glucocorticoids,36212638
Systemic glucocorticoids,36212639
Systemic glucocorticoids,36212644
Systemic glucocorticoids,36212659
Systemic glucocorticoids,36212660
Systemic glucocorticoids,36212669
Systemic glucocorticoids,36212756
Systemic glucocorticoids,36212864
Systemic glucocorticoids,36212923
Systemic glucocorticoids,36213686
Systemic glucocorticoids,36213935
Systemic glucocorticoids,36213941
Systemic glucocorticoids,36213943
Systemic glucocorticoids,36213944
Systemic glucocorticoids,36213945
Systemic glucocorticoids,36214280
Systemic glucocorticoids,36214281
Systemic glucocorticoids,36214301
Systemic glucocorticoids,36214828
Systemic glucocorticoids,36214841
Systemic glucocorticoids,36215050
Systemic glucocorticoids,36215258
Systemic glucocorticoids,36215265
Systemic glucocorticoids,36215515
Systemic glucocorticoids,36215516
Systemic glucocorticoids,36215517
Systemic glucocorticoids,36215778
Systemic glucocorticoids,36216365
Systemic glucocorticoids,36216366
Systemic glucocorticoids,36216744
Systemic glucocorticoids,36216747
Systemic glucocorticoids,36216761
Systemic glucocorticoids,36216763
Systemic glucocorticoids,36216764
Systemic glucocorticoids,36216765
Systemic glucocorticoids,36217180
Systemic glucocorticoids,36217524
Systemic glucocorticoids,36217556
Systemic glucocorticoids,36218161
Systemic glucocorticoids,36218221
Systemic glucocorticoids,36218385
Systemic glucocorticoids,36218387
Systemic glucocorticoids,36218398
Systemic glucocorticoids,36218504
Systemic glucocorticoids,36218674
Systemic glucocorticoids,36218714
Systemic glucocorticoids,36220334
Systemic glucocorticoids,36220422
Systemic glucocorticoids,36220554
Systemic glucocorticoids,36220739
Systemic glucocorticoids,36220741
Systemic glucocorticoids,36220742
Systemic glucocorticoids,36220743
Systemic glucocorticoids,36220744
Systemic glucocorticoids,36220745
Systemic glucocorticoids,36220746
Systemic glucocorticoids,36220749
Systemic glucocorticoids,36220751
Systemic glucocorticoids,36220753
Systemic glucocorticoids,36220755
Systemic glucocorticoids,36220756
Systemic glucocorticoids,36220758
Systemic glucocorticoids,36220759
Systemic glucocorticoids,36220760
Systemic glucocorticoids,36220762
Systemic glucocorticoids,36220763
Systemic glucocorticoids,36220764
Systemic glucocorticoids,36220765
Systemic glucocorticoids,36220766
Systemic glucocorticoids,36220767
Systemic glucocorticoids,36220768
Systemic glucocorticoids,36220769
Systemic glucocorticoids,36220772
Systemic glucocorticoids,36220902
Systemic glucocorticoids,36220903
Systemic glucocorticoids,36220904
Systemic glucocorticoids,36220908
Systemic glucocorticoids,36220953
Systemic glucocorticoids,36221046
Systemic glucocorticoids,36221052
Systemic glucocorticoids,36221461
Systemic glucocorticoids,36221894
Systemic glucocorticoids,36221904
Systemic glucocorticoids,36222235
Systemic glucocorticoids,36222499
Systemic glucocorticoids,792833
Systemic glucocorticoids,36223173
Systemic glucocorticoids,36223381
Systemic glucocorticoids,36223384
Systemic glucocorticoids,36223471
Systemic glucocorticoids,36223585
Systemic glucocorticoids,36223586
Systemic glucocorticoids,36224605
Systemic glucocorticoids,36224770
Systemic glucocorticoids,36224771
Systemic glucocorticoids,36224772
Systemic glucocorticoids,36224773
Systemic glucocorticoids,36224787
Systemic glucocorticoids,36224790
Systemic glucocorticoids,36225085
Systemic glucocorticoids,36225740
Systemic glucocorticoids,1355748
Systemic glucocorticoids,36226027
Systemic glucocorticoids,36226265
Systemic glucocorticoids,36226357
Systemic glucocorticoids,36226366
Systemic glucocorticoids,36226924
Systemic glucocorticoids,36227374
Systemic glucocorticoids,36227515
Systemic glucocorticoids,36227516
Systemic glucocorticoids,36227691
Systemic glucocorticoids,1560009
Systemic glucocorticoids,36227701
Systemic glucocorticoids,1560034
Systemic glucocorticoids,36227710
Systemic glucocorticoids,36227717
Systemic glucocorticoids,36227823
Systemic glucocorticoids,36228062
Systemic glucocorticoids,36228075
Systemic glucocorticoids,36228144
Systemic glucocorticoids,36228158
Systemic glucocorticoids,36228291
Systemic glucocorticoids,36228546
Systemic glucocorticoids,36228642
Systemic glucocorticoids,36228705
Systemic glucocorticoids,36228741
Systemic glucocorticoids,36228791
Systemic glucocorticoids,36228792
Systemic glucocorticoids,36228793
Systemic glucocorticoids,36228795
Systemic glucocorticoids,36228934
Systemic glucocorticoids,36229556
Systemic glucocorticoids,36229561
Systemic glucocorticoids,36229563
Systemic glucocorticoids,36229709
Systemic glucocorticoids,36229830
Systemic glucocorticoids,36229946
Systemic glucocorticoids,36229947
Systemic glucocorticoids,36230238
Systemic glucocorticoids,36230282
Systemic glucocorticoids,36230420
Systemic glucocorticoids,36230421
Systemic glucocorticoids,36230491
Systemic glucocorticoids,36230674
Systemic glucocorticoids,36230854
Systemic glucocorticoids,36230858
Systemic glucocorticoids,36230860
Systemic glucocorticoids,1560042
Systemic glucocorticoids,19129375
Systemic glucocorticoids,19129597
Systemic glucocorticoids,36231068
Systemic glucocorticoids,36231144
Systemic glucocorticoids,36231191
Systemic glucocorticoids,36231575
Systemic glucocorticoids,36231576
Systemic glucocorticoids,36231605
Systemic glucocorticoids,36232133
Systemic glucocorticoids,36232173
Systemic glucocorticoids,36232180
Systemic glucocorticoids,36232399
Systemic glucocorticoids,36232406
Systemic glucocorticoids,19129602
Systemic glucocorticoids,36232961
Systemic glucocorticoids,36232988
Systemic glucocorticoids,36232989
Systemic glucocorticoids,36233085
Systemic glucocorticoids,36233266
Systemic glucocorticoids,36233275
Systemic glucocorticoids,36233276
Systemic glucocorticoids,36233623
Systemic glucocorticoids,36233625
Systemic glucocorticoids,36233626
Systemic glucocorticoids,36233694
Systemic glucocorticoids,36233801
Systemic glucocorticoids,36233841
Systemic glucocorticoids,36233842
Systemic glucocorticoids,36234029
Systemic glucocorticoids,36234053
Systemic glucocorticoids,36234251
Systemic glucocorticoids,36234271
Systemic glucocorticoids,36234278
Systemic glucocorticoids,36234279
Systemic glucocorticoids,36234390
Systemic glucocorticoids,36234402
Systemic glucocorticoids,36234481
Systemic glucocorticoids,36234484
Systemic glucocorticoids,36234485
Systemic glucocorticoids,36234598
Systemic glucocorticoids,36234651
Systemic glucocorticoids,36234739
Systemic glucocorticoids,36234744
Systemic glucocorticoids,19132474
Systemic glucocorticoids,19132478
Systemic glucocorticoids,36234794
Systemic glucocorticoids,19133824
Systemic glucocorticoids,19133826
Systemic glucocorticoids,36235013
Systemic glucocorticoids,35606603
Systemic glucocorticoids,36235048
Systemic glucocorticoids,36235049
Systemic glucocorticoids,36215262
Systemic glucocorticoids,36235061
Systemic glucocorticoids,36216101
Systemic glucocorticoids,36235067
Systemic glucocorticoids,36216292
Systemic glucocorticoids,36235114
Systemic glucocorticoids,36235174
Systemic glucocorticoids,36235175
Systemic glucocorticoids,36235206
Systemic glucocorticoids,36235491
Systemic glucocorticoids,36235546
Systemic glucocorticoids,36235858
Systemic glucocorticoids,36236020
Systemic glucocorticoids,36236669
Systemic glucocorticoids,36236687
Systemic glucocorticoids,36236722
Systemic glucocorticoids,36236772
Systemic glucocorticoids,36236773
Systemic glucocorticoids,36236779
Systemic glucocorticoids,36236892
Systemic glucocorticoids,36237032
Systemic glucocorticoids,36237066
Systemic glucocorticoids,36237086
Systemic glucocorticoids,36237251
Systemic glucocorticoids,36237252
Systemic glucocorticoids,36216746
Systemic glucocorticoids,36216759
Systemic glucocorticoids,36237590
Systemic glucocorticoids,36217011
Systemic glucocorticoids,36237598
Systemic glucocorticoids,36237600
Systemic glucocorticoids,36237602
Systemic glucocorticoids,36237603
Systemic glucocorticoids,36217286
Systemic glucocorticoids,36237610
Systemic glucocorticoids,36237705
Systemic glucocorticoids,36237754
Systemic glucocorticoids,36237759
Systemic glucocorticoids,36217287
Systemic glucocorticoids,36218394
Systemic glucocorticoids,36238152
Systemic glucocorticoids,36238158
Systemic glucocorticoids,36238214
Systemic glucocorticoids,36238353
Systemic glucocorticoids,36238465
Systemic glucocorticoids,36238500
Systemic glucocorticoids,36238648
Systemic glucocorticoids,36238664
Systemic glucocorticoids,36238781
Systemic glucocorticoids,36239134
Systemic glucocorticoids,36239366
Systemic glucocorticoids,36239373
Systemic glucocorticoids,36239528
Systemic glucocorticoids,36239686
Systemic glucocorticoids,36219192
Systemic glucocorticoids,36239814
Systemic glucocorticoids,36239832
Systemic glucocorticoids,36239833
Systemic glucocorticoids,36239837
Systemic glucocorticoids,36239838
Systemic glucocorticoids,36239839
Systemic glucocorticoids,36239956
Systemic glucocorticoids,36220913
Systemic glucocorticoids,36240002
Systemic glucocorticoids,36240033
Systemic glucocorticoids,36240135
Systemic glucocorticoids,36240334
Systemic glucocorticoids,36240382
Systemic glucocorticoids,36240446
Systemic glucocorticoids,36240720
Systemic glucocorticoids,36240721
Systemic glucocorticoids,36240771
Systemic glucocorticoids,36240773
Systemic glucocorticoids,36240805
Systemic glucocorticoids,36221526
Systemic glucocorticoids,36241281
Systemic glucocorticoids,36221839
Systemic glucocorticoids,36241338
Systemic glucocorticoids,36241350
Systemic glucocorticoids,36221840
Systemic glucocorticoids,36222774
Systemic glucocorticoids,36241937
Systemic glucocorticoids,36241958
Systemic glucocorticoids,36226026
Systemic glucocorticoids,36227694
Systemic glucocorticoids,36227709
Systemic glucocorticoids,36230960
Systemic glucocorticoids,36230961
Systemic glucocorticoids,36231058
Systemic glucocorticoids,36232777
Systemic glucocorticoids,36234749
Systemic glucocorticoids,36234756
Systemic glucocorticoids,36234795
Systemic glucocorticoids,36234796
Systemic glucocorticoids,36235047
Systemic glucocorticoids,36235054
Systemic glucocorticoids,36242245
Systemic glucocorticoids,36235066
Systemic glucocorticoids,36235068
Systemic glucocorticoids,36242679
Systemic glucocorticoids,36242680
Systemic glucocorticoids,36237379
Systemic glucocorticoids,36242863
Systemic glucocorticoids,36243511
Systemic glucocorticoids,36237381
Systemic glucocorticoids,36245379
Systemic glucocorticoids,36245423
Systemic glucocorticoids,36245663
Systemic glucocorticoids,36246161
Systemic glucocorticoids,36246165
Systemic glucocorticoids,36246233
Systemic glucocorticoids,36246234
Systemic glucocorticoids,36246277
Systemic glucocorticoids,36246363
Systemic glucocorticoids,36246577
Systemic glucocorticoids,36246645
Systemic glucocorticoids,36246860
Systemic glucocorticoids,36246998
Systemic glucocorticoids,36247248
Systemic glucocorticoids,36247270
Systemic glucocorticoids,36247653
Systemic glucocorticoids,36247768
Systemic glucocorticoids,36247900
Systemic glucocorticoids,36247923
Systemic glucocorticoids,36247943
Systemic glucocorticoids,36247944
Systemic glucocorticoids,36248085
Systemic glucocorticoids,36248087
Systemic glucocorticoids,36248098
Systemic glucocorticoids,36248099
Systemic glucocorticoids,36248163
Systemic glucocorticoids,36248329
Systemic glucocorticoids,36248379
Systemic glucocorticoids,36248462
Systemic glucocorticoids,36248515
Systemic glucocorticoids,36248540
Systemic glucocorticoids,36248800
Systemic glucocorticoids,36248836
Systemic glucocorticoids,36248837
Systemic glucocorticoids,36248854
Systemic glucocorticoids,36248880
Systemic glucocorticoids,36248883
Systemic glucocorticoids,36237597
Systemic glucocorticoids,36249053
Systemic glucocorticoids,36249054
Systemic glucocorticoids,36249530
Systemic glucocorticoids,36249535
Systemic glucocorticoids,36249627
Systemic glucocorticoids,36250062
Systemic glucocorticoids,36250194
Systemic glucocorticoids,36897938
Systemic glucocorticoids,36237604
Systemic glucocorticoids,36237800
Systemic glucocorticoids,40221066
Systemic glucocorticoids,36238091
Systemic glucocorticoids,36239810
Systemic glucocorticoids,40233982
Systemic glucocorticoids,40234715
Systemic glucocorticoids,40234738
Systemic glucocorticoids,36239994
Systemic glucocorticoids,42731729
Systemic glucocorticoids,42800106
Systemic glucocorticoids,42800107
Systemic glucocorticoids,42800110
Systemic glucocorticoids,36241253
Systemic glucocorticoids,36241289
Systemic glucocorticoids,43272233
Systemic glucocorticoids,43283022
Systemic glucocorticoids,43869247
Systemic glucocorticoids,36241881
Systemic glucocorticoids,36241882
Systemic glucocorticoids,36242134
Systemic glucocorticoids,36242136
Systemic glucocorticoids,36242137
Systemic glucocorticoids,36242139
Systemic glucocorticoids,36242141
Systemic glucocorticoids,36242142
Systemic glucocorticoids,36242145
Systemic glucocorticoids,36242147
Systemic glucocorticoids,36242148
Systemic glucocorticoids,36242149
Systemic glucocorticoids,36242150
Systemic glucocorticoids,36242151
Systemic glucocorticoids,36242152
Systemic glucocorticoids,36242300
Systemic glucocorticoids,36242475
Systemic glucocorticoids,36242712
Systemic glucocorticoids,36245117
Systemic glucocorticoids,36248960
Systemic glucocorticoids,37496944
Systemic glucocorticoids,37499517
Systemic glucocorticoids,40228850
Systemic glucocorticoids,40228851
Systemic glucocorticoids,40244490
Systemic glucocorticoids,46275458
Systemic glucocorticoids,36211786
Systemic glucocorticoids,36212158
Systemic glucocorticoids,36212755
Systemic glucocorticoids,36212759
Systemic glucocorticoids,36213938
Systemic glucocorticoids,36214261
Systemic glucocorticoids,36215264
Systemic glucocorticoids,36218386
Systemic glucocorticoids,36218397
Systemic glucocorticoids,36218673
Systemic glucocorticoids,36218860
Systemic glucocorticoids,36218861
Systemic glucocorticoids,36218863
Systemic glucocorticoids,36218864
Systemic glucocorticoids,36219181
Systemic glucocorticoids,36220740
Systemic glucocorticoids,36220747
Systemic glucocorticoids,36220748
Systemic glucocorticoids,36220771
Systemic glucocorticoids,36221051
Systemic glucocorticoids,36223457
Systemic glucocorticoids,36223998
Systemic glucocorticoids,36224786
Systemic glucocorticoids,36224998
Systemic glucocorticoids,36227295
Systemic glucocorticoids,36228733
Systemic glucocorticoids,36229562
Systemic glucocorticoids,36230109
Systemic glucocorticoids,36230218
Systemic glucocorticoids,36230607
Systemic glucocorticoids,36230856
Systemic glucocorticoids,36232172
Systemic glucocorticoids,36232175
Systemic glucocorticoids,36232176
Systemic glucocorticoids,36232177
Systemic glucocorticoids,36232178
Systemic glucocorticoids,36232179
Systemic glucocorticoids,36232181
Systemic glucocorticoids,36232183
Systemic glucocorticoids,36232184
Systemic glucocorticoids,36232185
Systemic glucocorticoids,36234599
Systemic glucocorticoids,36235046
Systemic glucocorticoids,36235056
Systemic glucocorticoids,36235228
Systemic glucocorticoids,36238193
Systemic glucocorticoids,36238245
Systemic glucocorticoids,36239923
Systemic glucocorticoids,36240772
Systemic glucocorticoids,36240779
Systemic glucocorticoids,36242190
Systemic glucocorticoids,36242210
Systemic glucocorticoids,36242211
Systemic glucocorticoids,36242476
Systemic glucocorticoids,36242618
Systemic glucocorticoids,36244963
Systemic glucocorticoids,36245419
Systemic glucocorticoids,36245576
Systemic glucocorticoids,36245581
Systemic glucocorticoids,36246324
Systemic glucocorticoids,36247094
Systemic glucocorticoids,36247427
Systemic glucocorticoids,36247805
Systemic glucocorticoids,36248294
Systemic glucocorticoids,36248961
Systemic glucocorticoids,792843
Systemic glucocorticoids,41296038
Systemic glucocorticoids,36218390
Systemic glucocorticoids,36230963
Systemic glucocorticoids,36240770
Systemic glucocorticoids,36242189
Systemic glucocorticoids,42708540
Systemic glucocorticoids,42708546
Systemic glucocorticoids,43011915
Systemic glucocorticoids,43011916
Systemic glucocorticoids,43011920
Systemic glucocorticoids,43011921
Systemic glucocorticoids,43011922
Systemic glucocorticoids,43011923
Xanthines,41204428
Xanthines,41204809
Xanthines,36213788
Xanthines,36218053
Xanthines,36218065
Xanthines,36216947
Xanthines,36216954
Xanthines,36221766
Xanthines,36225547
Xanthines,36227123
Xanthines,36227133
Xanthines,36239224